"relativePath","Length"
"consumables\1.png","980"
"consumables\10.png","1144"
"consumables\11.png","1510"
"consumables\12.png","1504"
"consumables\13.png","1538"
"consumables\14.png","1535"
"consumables\15.png","1540"
"consumables\16.png","1399"
"consumables\17.png","1356"
"consumables\18.png","1523"
"consumables\19.png","1551"
"consumables\2.png","912"
"consumables\20.png","1501"
"consumables\21.png","23185"
"consumables\22.png","14104"
"consumables\23.png","14654"
"consumables\24.png","1099"
"consumables\3.png","936"
"consumables\4.png","1555"
"consumables\5.png","956"
"consumables\51.png","1074"
"consumables\52.png","1669"
"consumables\53.png","895"
"consumables\54.png","1999"
"consumables\55.png","2011"
"consumables\56.png","1978"
"consumables\57.png","22055"
"consumables\58.png","15907"
"consumables\59.png","16436"
"consumables\6.png","924"
"consumables\60.png","1121"
"consumables\7.png","995"
"consumables\8.png","1364"
"consumables\9.png","1463"
"consumables\backup__1.png","848"
"consumables\backup__11.png","1064"
"consumables\backup__12.png","1285"
"consumables\backup__13.png","1258"
"consumables\backup__14.png","1165"
"consumables\backup__15.png","1358"
"consumables\backup__16.png","1103"
"consumables\backup__2.png","895"
"consumables\backup__3.png","886"
"consumables\backup__9.png","1083"
"consumables\bg.png","345"
"consumables\block.png","740"
"consumables\consumable_bg.png","2182"
"consumables\get_item_msg.png","2115"
"consumables\item_click__1.png","1819"
"consumables\item_click__2.png","2593"
"consumables\item_click__3.png","3906"
"consumables\item_click__4.png","3906"
"consumables\item_click__5.png","2358"
"consumables\item_click__6.png","1340"
"consumables\item_click__7.png","1116"
"consumables\item_full.png","4065"
"consumables\lock.png","958"
"consumables\money_1.png","1212"
"consumables\money_2.png","1805"
"consumables\target_get_item__1.png","818"
"consumables\target_get_item__10.png","2392"
"consumables\target_get_item__11.png","2392"
"consumables\target_get_item__12.png","2392"
"consumables\target_get_item__13.png","2392"
"consumables\target_get_item__14.png","2392"
"consumables\target_get_item__15.png","2392"
"consumables\target_get_item__16.png","2392"
"consumables\target_get_item__17.png","2392"
"consumables\target_get_item__18.png","2392"
"consumables\target_get_item__19.png","1676"
"consumables\target_get_item__2.png","1254"
"consumables\target_get_item__20.png","1249"
"consumables\target_get_item__3.png","1725"
"consumables\target_get_item__4.png","2790"
"consumables\target_get_item__5.png","2519"
"consumables\target_get_item__6.png","2519"
"consumables\target_get_item__7.png","3039"
"consumables\target_get_item__8.png","1578"
"consumables\target_get_item__9.png","2392"
"status\atk_protect\1__1.png","265"
"status\atk_protect\1__10.png","1112"
"status\atk_protect\1__11.png","1330"
"status\atk_protect\1__12.png","1501"
"status\atk_protect\1__13.png","1647"
"status\atk_protect\1__14.png","1881"
"status\atk_protect\1__15.png","2022"
"status\atk_protect\1__16.png","2149"
"status\atk_protect\1__17.png","2226"
"status\atk_protect\1__18.png","2304"
"status\atk_protect\1__19.png","2259"
"status\atk_protect\1__2.png","265"
"status\atk_protect\1__20.png","2241"
"status\atk_protect\1__21.png","1968"
"status\atk_protect\1__22.png","1212"
"status\atk_protect\1__23.png","1050"
"status\atk_protect\1__24.png","867"
"status\atk_protect\1__25.png","738"
"status\atk_protect\1__26.png","265"
"status\atk_protect\1__27.png","265"
"status\atk_protect\1__28.png","265"
"status\atk_protect\1__29.png","265"
"status\atk_protect\1__3.png","265"
"status\atk_protect\1__30.png","265"
"status\atk_protect\1__31.png","265"
"status\atk_protect\1__32.png","265"
"status\atk_protect\1__33.png","265"
"status\atk_protect\1__34.png","265"
"status\atk_protect\1__35.png","265"
"status\atk_protect\1__36.png","265"
"status\atk_protect\1__37.png","265"
"status\atk_protect\1__38.png","265"
"status\atk_protect\1__39.png","265"
"status\atk_protect\1__4.png","265"
"status\atk_protect\1__40.png","265"
"status\atk_protect\1__41.png","265"
"status\atk_protect\1__42.png","265"
"status\atk_protect\1__5.png","265"
"status\atk_protect\1__6.png","265"
"status\atk_protect\1__7.png","265"
"status\atk_protect\1__8.png","527"
"status\atk_protect\1__9.png","555"
"status\atk_protect\2__1.png","265"
"status\atk_protect\2__10.png","265"
"status\atk_protect\2__11.png","265"
"status\atk_protect\2__12.png","265"
"status\atk_protect\2__13.png","265"
"status\atk_protect\2__14.png","265"
"status\atk_protect\2__15.png","265"
"status\atk_protect\2__16.png","265"
"status\atk_protect\2__17.png","265"
"status\atk_protect\2__18.png","265"
"status\atk_protect\2__19.png","265"
"status\atk_protect\2__2.png","265"
"status\atk_protect\2__20.png","265"
"status\atk_protect\2__21.png","265"
"status\atk_protect\2__22.png","265"
"status\atk_protect\2__23.png","265"
"status\atk_protect\2__24.png","265"
"status\atk_protect\2__25.png","265"
"status\atk_protect\2__26.png","265"
"status\atk_protect\2__27.png","265"
"status\atk_protect\2__28.png","265"
"status\atk_protect\2__29.png","265"
"status\atk_protect\2__3.png","265"
"status\atk_protect\2__30.png","265"
"status\atk_protect\2__31.png","819"
"status\atk_protect\2__32.png","2398"
"status\atk_protect\2__33.png","2050"
"status\atk_protect\2__34.png","2050"
"status\atk_protect\2__35.png","265"
"status\atk_protect\2__36.png","265"
"status\atk_protect\2__37.png","265"
"status\atk_protect\2__38.png","770"
"status\atk_protect\2__39.png","2562"
"status\atk_protect\2__4.png","265"
"status\atk_protect\2__40.png","2303"
"status\atk_protect\2__41.png","2303"
"status\atk_protect\2__42.png","265"
"status\atk_protect\2__5.png","265"
"status\atk_protect\2__6.png","265"
"status\atk_protect\2__7.png","265"
"status\atk_protect\2__8.png","265"
"status\atk_protect\2__9.png","265"
"status\atk_protect\3__1.png","265"
"status\atk_protect\3__10.png","265"
"status\atk_protect\3__11.png","265"
"status\atk_protect\3__12.png","265"
"status\atk_protect\3__13.png","265"
"status\atk_protect\3__14.png","265"
"status\atk_protect\3__15.png","265"
"status\atk_protect\3__16.png","265"
"status\atk_protect\3__17.png","265"
"status\atk_protect\3__18.png","265"
"status\atk_protect\3__19.png","265"
"status\atk_protect\3__2.png","265"
"status\atk_protect\3__20.png","265"
"status\atk_protect\3__21.png","265"
"status\atk_protect\3__22.png","265"
"status\atk_protect\3__23.png","265"
"status\atk_protect\3__24.png","265"
"status\atk_protect\3__25.png","265"
"status\atk_protect\3__26.png","265"
"status\atk_protect\3__27.png","265"
"status\atk_protect\3__28.png","265"
"status\atk_protect\3__29.png","265"
"status\atk_protect\3__3.png","265"
"status\atk_protect\3__30.png","265"
"status\atk_protect\3__31.png","624"
"status\atk_protect\3__32.png","3053"
"status\atk_protect\3__33.png","2790"
"status\atk_protect\3__34.png","2790"
"status\atk_protect\3__35.png","265"
"status\atk_protect\3__36.png","265"
"status\atk_protect\3__37.png","265"
"status\atk_protect\3__38.png","706"
"status\atk_protect\3__39.png","1925"
"status\atk_protect\3__4.png","265"
"status\atk_protect\3__40.png","1736"
"status\atk_protect\3__41.png","1736"
"status\atk_protect\3__42.png","265"
"status\atk_protect\3__5.png","265"
"status\atk_protect\3__6.png","265"
"status\atk_protect\3__7.png","265"
"status\atk_protect\3__8.png","265"
"status\atk_protect\3__9.png","265"
"status\atk_up\1.png","1672"
"status\atk_up\10.png","1768"
"status\atk_up\11.png","1856"
"status\atk_up\12.png","1739"
"status\atk_up\13.png","1737"
"status\atk_up\14.png","1734"
"status\atk_up\15.png","1692"
"status\atk_up\16.png","1689"
"status\atk_up\17.png","1584"
"status\atk_up\18.png","1627"
"status\atk_up\19.png","1598"
"status\atk_up\2.png","2761"
"status\atk_up\20.png","1531"
"status\atk_up\21.png","1568"
"status\atk_up\22.png","1568"
"status\atk_up\23.png","1568"
"status\atk_up\24.png","2027"
"status\atk_up\25.png","2386"
"status\atk_up\26.png","1584"
"status\atk_up\27.png","2751"
"status\atk_up\28.png","3577"
"status\atk_up\29.png","4310"
"status\atk_up\3.png","2780"
"status\atk_up\30.png","348"
"status\atk_up\31.png","348"
"status\atk_up\4.png","2570"
"status\atk_up\5.png","2517"
"status\atk_up\6.png","2394"
"status\atk_up\7.png","2453"
"status\atk_up\8.png","2408"
"status\atk_up\9.png","2364"
"status\def_up\1.png","1287"
"status\def_up\10.png","2089"
"status\def_up\11.png","2109"
"status\def_up\12.png","2086"
"status\def_up\13.png","2065"
"status\def_up\14.png","2114"
"status\def_up\15.png","2060"
"status\def_up\16.png","2027"
"status\def_up\17.png","1970"
"status\def_up\18.png","1932"
"status\def_up\19.png","1914"
"status\def_up\2.png","2823"
"status\def_up\20.png","1751"
"status\def_up\21.png","1872"
"status\def_up\22.png","1872"
"status\def_up\23.png","1872"
"status\def_up\24.png","2175"
"status\def_up\25.png","2385"
"status\def_up\26.png","1340"
"status\def_up\27.png","2751"
"status\def_up\28.png","3577"
"status\def_up\29.png","4310"
"status\def_up\3.png","2793"
"status\def_up\30.png","348"
"status\def_up\31.png","348"
"status\def_up\4.png","2827"
"status\def_up\5.png","2667"
"status\def_up\6.png","2509"
"status\def_up\7.png","2620"
"status\def_up\8.png","2577"
"status\def_up\9.png","2473"
"status\earth_style\1.png","592"
"status\earth_style\10.png","5007"
"status\earth_style\11.png","4711"
"status\earth_style\12.png","4343"
"status\earth_style\13.png","3644"
"status\earth_style\14.png","2852"
"status\earth_style\15.png","3810"
"status\earth_style\16.png","3070"
"status\earth_style\17.png","2934"
"status\earth_style\18.png","1647"
"status\earth_style\19.png","7146"
"status\earth_style\2.png","592"
"status\earth_style\20.png","8500"
"status\earth_style\21.png","9996"
"status\earth_style\22.png","7760"
"status\earth_style\23.png","6594"
"status\earth_style\24.png","6095"
"status\earth_style\25.png","6267"
"status\earth_style\26.png","6319"
"status\earth_style\27.png","6186"
"status\earth_style\28.png","5595"
"status\earth_style\29.png","5276"
"status\earth_style\3.png","592"
"status\earth_style\30.png","4724"
"status\earth_style\31.png","4587"
"status\earth_style\32.png","4050"
"status\earth_style\33.png","1025"
"status\earth_style\34.png","1023"
"status\earth_style\35.png","1677"
"status\earth_style\4.png","592"
"status\earth_style\5.png","6488"
"status\earth_style\6.png","6407"
"status\earth_style\7.png","6064"
"status\earth_style\8.png","5730"
"status\earth_style\9.png","5348"
"status\fire_style\1.png","348"
"status\fire_style\10.png","5868"
"status\fire_style\11.png","5894"
"status\fire_style\12.png","5894"
"status\fire_style\13.png","4188"
"status\fire_style\14.png","4188"
"status\fire_style\15.png","9367"
"status\fire_style\16.png","9367"
"status\fire_style\17.png","8917"
"status\fire_style\18.png","3539"
"status\fire_style\19.png","2026"
"status\fire_style\2.png","348"
"status\fire_style\3.png","348"
"status\fire_style\4.png","348"
"status\fire_style\5.png","348"
"status\fire_style\6.png","348"
"status\fire_style\7.png","348"
"status\fire_style\8.png","348"
"status\fire_style\9.png","5868"
"status\invisible\1.png","1654"
"status\invisible\2.png","1634"
"status\invisible\3.png","348"
"status\invisible\4.png","1633"
"status\invisible\5.png","1654"
"status\invisible\6.png","348"
"status\magic_water\1.png","511"
"status\magic_water\10.png","3147"
"status\magic_water\11.png","3118"
"status\magic_water\12.png","3060"
"status\magic_water\13.png","2986"
"status\magic_water\14.png","2991"
"status\magic_water\15.png","2927"
"status\magic_water\16.png","2894"
"status\magic_water\17.png","2730"
"status\magic_water\18.png","2704"
"status\magic_water\19.png","2657"
"status\magic_water\2.png","3334"
"status\magic_water\20.png","2533"
"status\magic_water\21.png","2592"
"status\magic_water\22.png","2592"
"status\magic_water\23.png","2592"
"status\magic_water\24.png","2791"
"status\magic_water\25.png","3184"
"status\magic_water\26.png","2698"
"status\magic_water\27.png","3332"
"status\magic_water\28.png","4234"
"status\magic_water\29.png","4997"
"status\magic_water\3.png","3557"
"status\magic_water\30.png","511"
"status\magic_water\31.png","511"
"status\magic_water\32.png","511"
"status\magic_water\33.png","511"
"status\magic_water\34.png","511"
"status\magic_water\35.png","511"
"status\magic_water\36.png","511"
"status\magic_water\37.png","511"
"status\magic_water\38.png","511"
"status\magic_water\39.png","511"
"status\magic_water\4.png","3542"
"status\magic_water\40.png","511"
"status\magic_water\5.png","3249"
"status\magic_water\6.png","3316"
"status\magic_water\7.png","3278"
"status\magic_water\8.png","3133"
"status\magic_water\9.png","3162"
"status\magic_water\effect__1.png","404"
"status\magic_water\effect__10.png","1322"
"status\magic_water\effect__11.png","1485"
"status\magic_water\effect__12.png","1537"
"status\magic_water\effect__13.png","870"
"status\magic_water\effect__14.png","746"
"status\magic_water\effect__15.png","404"
"status\magic_water\effect__16.png","404"
"status\magic_water\effect__17.png","697"
"status\magic_water\effect__18.png","944"
"status\magic_water\effect__19.png","840"
"status\magic_water\effect__2.png","404"
"status\magic_water\effect__20.png","1064"
"status\magic_water\effect__21.png","1245"
"status\magic_water\effect__22.png","1409"
"status\magic_water\effect__23.png","1593"
"status\magic_water\effect__24.png","1482"
"status\magic_water\effect__25.png","1374"
"status\magic_water\effect__26.png","1200"
"status\magic_water\effect__27.png","1096"
"status\magic_water\effect__28.png","714"
"status\magic_water\effect__29.png","762"
"status\magic_water\effect__3.png","404"
"status\magic_water\effect__30.png","799"
"status\magic_water\effect__31.png","850"
"status\magic_water\effect__32.png","904"
"status\magic_water\effect__33.png","922"
"status\magic_water\effect__34.png","951"
"status\magic_water\effect__35.png","989"
"status\magic_water\effect__36.png","983"
"status\magic_water\effect__37.png","962"
"status\magic_water\effect__38.png","404"
"status\magic_water\effect__39.png","404"
"status\magic_water\effect__4.png","404"
"status\magic_water\effect__40.png","404"
"status\magic_water\effect__5.png","404"
"status\magic_water\effect__6.png","404"
"status\magic_water\effect__7.png","1131"
"status\magic_water\effect__8.png","1167"
"status\magic_water\effect__9.png","1262"
"status\protect_wall\1.png","947"
"status\protect_wall\10.png","1642"
"status\protect_wall\11.png","1642"
"status\protect_wall\12.png","1642"
"status\protect_wall\13.png","1642"
"status\protect_wall\14.png","1642"
"status\protect_wall\15.png","1642"
"status\protect_wall\16.png","1642"
"status\protect_wall\17.png","1642"
"status\protect_wall\18.png","1693"
"status\protect_wall\19.png","1693"
"status\protect_wall\2.png","947"
"status\protect_wall\20.png","6315"
"status\protect_wall\21.png","6408"
"status\protect_wall\22.png","6525"
"status\protect_wall\23.png","6599"
"status\protect_wall\24.png","6501"
"status\protect_wall\25.png","6129"
"status\protect_wall\26.png","5895"
"status\protect_wall\27.png","5691"
"status\protect_wall\28.png","5388"
"status\protect_wall\29.png","5104"
"status\protect_wall\3.png","947"
"status\protect_wall\30.png","4757"
"status\protect_wall\31.png","4539"
"status\protect_wall\32.png","1636"
"status\protect_wall\33.png","1636"
"status\protect_wall\34.png","1004"
"status\protect_wall\35.png","592"
"status\protect_wall\4.png","947"
"status\protect_wall\5.png","947"
"status\protect_wall\6.png","2344"
"status\protect_wall\7.png","2344"
"status\protect_wall\8.png","1642"
"status\protect_wall\9.png","1642"
"status\regen_hp_l\01.png","418"
"status\regen_hp_l\02.png","697"
"status\regen_hp_l\03.png","682"
"status\regen_hp_l\04.png","826"
"status\regen_hp_l\05.png","963"
"status\regen_hp_l\06.png","1453"
"status\regen_hp_l\07.png","1888"
"status\regen_hp_l\08.png","2378"
"status\regen_hp_l\09.png","3245"
"status\regen_hp_l\10.png","3471"
"status\regen_hp_l\11.png","3478"
"status\regen_hp_l\12.png","3250"
"status\regen_hp_l\13.png","2707"
"status\regen_hp_l\14.png","2800"
"status\regen_hp_l\15.png","2856"
"status\regen_hp_l\16.png","2779"
"status\regen_hp_l\17.png","2546"
"status\regen_hp_l\18.png","2366"
"status\regen_hp_l\19.png","1921"
"status\regen_hp_l\20.png","1800"
"status\regen_hp_l\21.png","1025"
"status\regen_hp_l\22.png","883"
"status\regen_hp_l\23.png","743"
"status\regen_hp_l\24.png","413"
"status\regen_hp_s\01.png","413"
"status\regen_hp_s\02.png","652"
"status\regen_hp_s\03.png","639"
"status\regen_hp_s\04.png","764"
"status\regen_hp_s\05.png","954"
"status\regen_hp_s\06.png","1212"
"status\regen_hp_s\07.png","1463"
"status\regen_hp_s\08.png","1759"
"status\regen_hp_s\09.png","2734"
"status\regen_hp_s\10.png","2766"
"status\regen_hp_s\11.png","2475"
"status\regen_hp_s\12.png","1911"
"status\regen_hp_s\13.png","1643"
"status\regen_hp_s\14.png","1634"
"status\regen_hp_s\15.png","1801"
"status\regen_hp_s\16.png","1744"
"status\regen_hp_s\17.png","1335"
"status\regen_hp_s\18.png","1131"
"status\regen_hp_s\19.png","1016"
"status\regen_hp_s\20.png","876"
"status\regen_hp_s\21.png","859"
"status\regen_hp_s\22.png","691"
"status\regen_hp_s\23.png","578"
"status\regen_sp\01.png","398"
"status\regen_sp\02.png","678"
"status\regen_sp\03.png","763"
"status\regen_sp\04.png","911"
"status\regen_sp\05.png","2072"
"status\regen_sp\06.png","2896"
"status\regen_sp\07.png","2753"
"status\regen_sp\08.png","3112"
"status\regen_sp\09.png","2995"
"status\regen_sp\10.png","2956"
"status\regen_sp\11.png","2026"
"status\regen_sp\12.png","2067"
"status\regen_sp\13.png","1431"
"status\regen_sp\14.png","1127"
"status\regen_sp\15.png","686"
"status\regen_sp\16.png","398"
"status\seven\1.png","348"
"status\seven\10.png","348"
"status\seven\11.png","348"
"status\seven\12.png","348"
"status\seven\13.png","348"
"status\seven\14.png","516"
"status\seven\15.png","516"
"status\seven\16.png","516"
"status\seven\17.png","8540"
"status\seven\18.png","7735"
"status\seven\19.png","8587"
"status\seven\2.png","348"
"status\seven\20.png","8353"
"status\seven\21.png","8161"
"status\seven\22.png","8077"
"status\seven\23.png","8314"
"status\seven\24.png","8527"
"status\seven\25.png","7735"
"status\seven\26.png","8587"
"status\seven\27.png","8353"
"status\seven\28.png","8161"
"status\seven\29.png","8077"
"status\seven\3.png","348"
"status\seven\30.png","8314"
"status\seven\31.png","8540"
"status\seven\32.png","7735"
"status\seven\33.png","8131"
"status\seven\34.png","7528"
"status\seven\35.png","7528"
"status\seven\36.png","7528"
"status\seven\37.png","7528"
"status\seven\38.png","7528"
"status\seven\39.png","8636"
"status\seven\4.png","348"
"status\seven\40.png","8725"
"status\seven\41.png","8427"
"status\seven\42.png","1287"
"status\seven\5.png","348"
"status\seven\6.png","348"
"status\seven\7.png","348"
"status\seven\8.png","348"
"status\seven\9.png","348"
"status\teleport\Symbol 15980001.png","1135"
"status\teleport\Symbol 15980002.png","2113"
"status\teleport\Symbol 15980003.png","1785"
"status\teleport\Symbol 15980004.png","2379"
"status\teleport\Symbol 15980005.png","2046"
"status\teleport\Symbol 15980006.png","1890"
"status\teleport\Symbol 15980007.png","2808"
"status\teleport\Symbol 15980008.png","2658"
"status\teleport\Symbol 15980009.png","2749"
"status\teleport\Symbol 15980010.png","2891"
"status\teleport\Symbol 15980011.png","2131"
"status\teleport\Symbol 15980012.png","1286"
"status\teleport\Symbol 15980013.png","870"
"status\teleport\Symbol 15980014.png","820"
"status\through_style\1.png","893"
"status\through_style\10.png","6677"
"status\through_style\11.png","6284"
"status\through_style\12.png","6972"
"status\through_style\13.png","7396"
"status\through_style\14.png","7506"
"status\through_style\15.png","7559"
"status\through_style\16.png","7203"
"status\through_style\17.png","6851"
"status\through_style\18.png","7323"
"status\through_style\19.png","7318"
"status\through_style\2.png","10001"
"status\through_style\20.png","12908"
"status\through_style\21.png","11050"
"status\through_style\22.png","8731"
"status\through_style\23.png","7185"
"status\through_style\24.png","6344"
"status\through_style\25.png","6731"
"status\through_style\26.png","7515"
"status\through_style\27.png","8368"
"status\through_style\28.png","9099"
"status\through_style\29.png","9802"
"status\through_style\3.png","9300"
"status\through_style\30.png","7846"
"status\through_style\31.png","13745"
"status\through_style\32.png","7215"
"status\through_style\33.png","4918"
"status\through_style\34.png","6185"
"status\through_style\35.png","893"
"status\through_style\4.png","7753"
"status\through_style\5.png","5565"
"status\through_style\6.png","3952"
"status\through_style\7.png","4749"
"status\through_style\8.png","6180"
"status\through_style\9.png","6900"
"status\water_style\01.png","1129"
"status\water_style\02.png","1474"
"status\water_style\03.png","2178"
"status\water_style\04.png","2670"
"status\water_style\05.png","3292"
"status\water_style\06.png","3232"
"status\water_style\07.png","2924"
"status\water_style\08.png","2401"
"status\water_style\09.png","1705"
"status\water_style\10.png","1374"
"status\water_style\11.png","1306"
"status\wind_style\1.png","2784"
"status\wind_style\10.png","8151"
"status\wind_style\11.png","8812"
"status\wind_style\12.png","6435"
"status\wind_style\13.png","6339"
"status\wind_style\14.png","3949"
"status\wind_style\15.png","2453"
"status\wind_style\16.png","1678"
"status\wind_style\17.png","845"
"status\wind_style\2.png","4494"
"status\wind_style\3.png","6435"
"status\wind_style\4.png","6435"
"status\wind_style\5.png","8151"
"status\wind_style\6.png","7349"
"status\wind_style\7.png","8151"
"status\wind_style\8.png","8812"
"status\wind_style\9.png","7349"
"status\wood_style\1.png","592"
"status\wood_style\10.png","5016"
"status\wood_style\11.png","4707"
"status\wood_style\12.png","4346"
"status\wood_style\13.png","3651"
"status\wood_style\14.png","2848"
"status\wood_style\15.png","7170"
"status\wood_style\16.png","6495"
"status\wood_style\17.png","6316"
"status\wood_style\18.png","5437"
"status\wood_style\19.png","9400"
"status\wood_style\2.png","592"
"status\wood_style\20.png","10253"
"status\wood_style\21.png","11721"
"status\wood_style\22.png","9808"
"status\wood_style\23.png","8664"
"status\wood_style\24.png","8836"
"status\wood_style\25.png","9055"
"status\wood_style\26.png","9137"
"status\wood_style\27.png","9063"
"status\wood_style\28.png","7466"
"status\wood_style\29.png","6972"
"status\wood_style\3.png","592"
"status\wood_style\30.png","6338"
"status\wood_style\31.png","5869"
"status\wood_style\32.png","5430"
"status\wood_style\33.png","4063"
"status\wood_style\34.png","5103"
"status\wood_style\35.png","6761"
"status\wood_style\36.png","592"
"status\wood_style\37.png","592"
"status\wood_style\4.png","592"
"status\wood_style\5.png","6491"
"status\wood_style\6.png","6400"
"status\wood_style\7.png","6061"
"status\wood_style\8.png","5723"
"status\wood_style\9.png","5349"
"status\wood_style\b__Symbol 1450001.png","3533"
"status\wood_style\b__Symbol 1450002.png","3545"
"status\wood_style\b__Symbol 1450003.png","3545"
"status\wood_style\b__Symbol 1450004.png","3519"
"status\wood_style\b__Symbol 1450005.png","3515"
"status\wood_style\b__Symbol 1450006.png","3545"
"status\wood_style\b__Symbol 1450007.png","3533"
"status\wood_style\b__Symbol 1450008.png","3535"
"status\wood_style\b__Symbol 1450009.png","3531"
"status\wood_style\b__Symbol 1450010.png","3553"
"status\wood_style\b__Symbol 1450011.png","3545"
"status\wood_style\b__Symbol 1450012.png","3545"
"status\wood_style\b__Symbol 1450013.png","3545"
"status\wood_style\b__Symbol 1450014.png","3545"
"status\wood_style\b__Symbol 1450015.png","3545"
"status\wood_style\b__Symbol 1450016.png","3545"
"status\wood_style\b__Symbol 1450017.png","3545"
"status\wood_style\b__Symbol 1450018.png","3545"
"status\wood_style\b__Symbol 1450019.png","3545"
"status\wood_style\b__Symbol 1450020.png","3545"
"status\wood_style\b__Symbol 1450021.png","3643"
"status\wood_style\b__Symbol 1450022.png","4026"
"status\wood_style\b__Symbol 1450023.png","3822"
"status\wood_style\b__Symbol 1450024.png","3545"
"status\wood_style\b__Symbol 1450025.png","3819"
"status\wood_style\b__Symbol 1450026.png","3819"
"status\wood_style\b__Symbol 1450027.png","3819"
"status\wood_style\b__Symbol 1450028.png","3819"
"status\wood_style\b__Symbol 1450029.png","3819"
"status\wood_style\b__Symbol 1450030.png","3819"
"status\wood_style\b__Symbol 1450031.png","3819"
"status\wood_style\b__Symbol 1450032.png","3819"
"status\wood_style\b__Symbol 1450033.png","3819"
"status\wood_style\b__Symbol 1450034.png","3819"
"status\wood_style\b__Symbol 1450035.png","3819"
"status\wood_style\b__Symbol 1450036.png","4311"
"status\wood_style\b__Symbol 1450037.png","4417"
"status\wood_style\b__Symbol 1450038.png","4417"
"status\wood_style\b__Symbol 1450039.png","4395"
"status\wood_style\b__Symbol 1450040.png","4395"
"status\wood_style\b__Symbol 1450041.png","4225"
"status\wood_style\b__Symbol 1450042.png","4225"
"status\wood_style\b__Symbol 1450043.png","4225"
"status\wood_style\b__Symbol 1450044.png","4611"
"status\wood_style\b__Symbol 1450045.png","5383"
"status\wood_style\b__Symbol 1450046.png","7741"
"status\wood_style\b__Symbol 1450047.png","7741"
"status\wood_style\b__Symbol 1450048.png","4722"
"status\wood_style\b__Symbol 1450049.png","3390"
"status\wood_style\b__Symbol 1450050.png","3390"
"status\wood_style\b__Symbol 1450051.png","1743"
"status\wood_style\b__Symbol 1450052.png","2200"
"status\wood_style\b__Symbol 1450053.png","2584"
"status\wood_style\b__Symbol 1450054.png","2998"
"status\wood_style\b__Symbol 1450055.png","3673"
"status\wood_style\b__Symbol 1450056.png","3906"
"status\wood_style\b__Symbol 1450057.png","2958"
"status\wood_style\b__Symbol 1450058.png","2061"
"status\wood_style\b__Symbol 1450059.png","1596"
"status\wood_style\g__1.png","4165"
"status\wood_style\g__10.png","4188"
"status\wood_style\g__11.png","4188"
"status\wood_style\g__12.png","4188"
"status\wood_style\g__13.png","4188"
"status\wood_style\g__14.png","4188"
"status\wood_style\g__15.png","4188"
"status\wood_style\g__16.png","4188"
"status\wood_style\g__17.png","4188"
"status\wood_style\g__18.png","4188"
"status\wood_style\g__19.png","4188"
"status\wood_style\g__2.png","4147"
"status\wood_style\g__20.png","4273"
"status\wood_style\g__21.png","4601"
"status\wood_style\g__22.png","4409"
"status\wood_style\g__23.png","4188"
"status\wood_style\g__24.png","4391"
"status\wood_style\g__25.png","4391"
"status\wood_style\g__26.png","4391"
"status\wood_style\g__27.png","4391"
"status\wood_style\g__28.png","4391"
"status\wood_style\g__29.png","4391"
"status\wood_style\g__3.png","4184"
"status\wood_style\g__30.png","4391"
"status\wood_style\g__31.png","4391"
"status\wood_style\g__32.png","4391"
"status\wood_style\g__33.png","4391"
"status\wood_style\g__34.png","4391"
"status\wood_style\g__35.png","4745"
"status\wood_style\g__36.png","4924"
"status\wood_style\g__37.png","4924"
"status\wood_style\g__38.png","4810"
"status\wood_style\g__39.png","4810"
"status\wood_style\g__4.png","4149"
"status\wood_style\g__40.png","4696"
"status\wood_style\g__41.png","4696"
"status\wood_style\g__42.png","4696"
"status\wood_style\g__43.png","4603"
"status\wood_style\g__44.png","5353"
"status\wood_style\g__45.png","7741"
"status\wood_style\g__46.png","7741"
"status\wood_style\g__47.png","4722"
"status\wood_style\g__48.png","3390"
"status\wood_style\g__49.png","3390"
"status\wood_style\g__5.png","4149"
"status\wood_style\g__50.png","1743"
"status\wood_style\g__51.png","2200"
"status\wood_style\g__52.png","2584"
"status\wood_style\g__53.png","2998"
"status\wood_style\g__54.png","3673"
"status\wood_style\g__55.png","3906"
"status\wood_style\g__56.png","2958"
"status\wood_style\g__57.png","2061"
"status\wood_style\g__58.png","1596"
"status\wood_style\g__59.png","1596"
"status\wood_style\g__6.png","4165"
"status\wood_style\g__7.png","4192"
"status\wood_style\g__8.png","4165"
"status\wood_style\g__9.png","4171"
"status\wood_style\p__Symbol 510001.png","4516"
"status\wood_style\p__Symbol 510002.png","4533"
"status\wood_style\p__Symbol 510003.png","4533"
"status\wood_style\p__Symbol 510004.png","4493"
"status\wood_style\p__Symbol 510005.png","4516"
"status\wood_style\p__Symbol 510006.png","4527"
"status\wood_style\p__Symbol 510007.png","4494"
"status\wood_style\p__Symbol 510008.png","4479"
"status\wood_style\p__Symbol 510009.png","4494"
"status\wood_style\p__Symbol 510010.png","4533"
"status\wood_style\p__Symbol 510011.png","4510"
"status\wood_style\p__Symbol 510012.png","4510"
"status\wood_style\p__Symbol 510013.png","4510"
"status\wood_style\p__Symbol 510014.png","4510"
"status\wood_style\p__Symbol 510015.png","4510"
"status\wood_style\p__Symbol 510016.png","4510"
"status\wood_style\p__Symbol 510017.png","4510"
"status\wood_style\p__Symbol 510018.png","4510"
"status\wood_style\p__Symbol 510019.png","4510"
"status\wood_style\p__Symbol 510020.png","4510"
"status\wood_style\p__Symbol 510021.png","4620"
"status\wood_style\p__Symbol 510022.png","4975"
"status\wood_style\p__Symbol 510023.png","4778"
"status\wood_style\p__Symbol 510024.png","4510"
"status\wood_style\p__Symbol 510025.png","4815"
"status\wood_style\p__Symbol 510026.png","4815"
"status\wood_style\p__Symbol 510027.png","4815"
"status\wood_style\p__Symbol 510028.png","4815"
"status\wood_style\p__Symbol 510029.png","4815"
"status\wood_style\p__Symbol 510030.png","4815"
"status\wood_style\p__Symbol 510031.png","4815"
"status\wood_style\p__Symbol 510032.png","4815"
"status\wood_style\p__Symbol 510033.png","4815"
"status\wood_style\p__Symbol 510034.png","4815"
"status\wood_style\p__Symbol 510035.png","4815"
"status\wood_style\p__Symbol 510036.png","5437"
"status\wood_style\p__Symbol 510037.png","5460"
"status\wood_style\p__Symbol 510038.png","5460"
"status\wood_style\p__Symbol 510039.png","5397"
"status\wood_style\p__Symbol 510040.png","5397"
"status\wood_style\p__Symbol 510041.png","5168"
"status\wood_style\p__Symbol 510042.png","5168"
"status\wood_style\p__Symbol 510043.png","5183"
"status\wood_style\p__Symbol 510044.png","5014"
"status\wood_style\p__Symbol 510045.png","5657"
"status\wood_style\p__Symbol 510046.png","8304"
"status\wood_style\p__Symbol 510047.png","8304"
"status\wood_style\p__Symbol 510048.png","5135"
"status\wood_style\p__Symbol 510049.png","3621"
"status\wood_style\p__Symbol 510050.png","3544"
"status\wood_style\p__Symbol 510051.png","1820"
"status\wood_style\p__Symbol 510052.png","2200"
"status\wood_style\p__Symbol 510053.png","2638"
"status\wood_style\p__Symbol 510054.png","3272"
"status\wood_style\p__Symbol 510055.png","3790"
"status\wood_style\p__Symbol 510056.png","4115"
"status\wood_style\p__Symbol 510057.png","3130"
"status\wood_style\p__Symbol 510058.png","2087"
"status\wood_style\p__Symbol 510059.png","1561"
